run_id,code_commit,method,config_path,seed,parent_checkpoints,steps,batch_size,context,processed_targets_including_ancestry,parameters,hardware,threads,train_precision,train_seconds,validation_seconds,test_seconds,peak_ram_gb,peak_gpu_allocated_gb,validation_bpb,test_bpb,checkpoint_sha256,selected_on,notes
P0-baseline-s17,not-a-git-repo,baseline (model.py),configs/baseline.json,17,none,1200,32,256,9830400,1088256,MacBook Air M5 24GB CPU,4,fp32,209.25,4.16,4.63,1.43,0,2.0711,2.1013,5bb600b4dc65e8a8fa0eaa6841955b99754bbb61b060fb626d0855940d26206a,none (baseline reproduction; no selection),"Phase 0. Train wall-clock 220.45s incl. preparation 6.4s and val eval; scoring wall-clock 4.63s (score loop) / 9.64s (whole evaluate.py process). peak_ram_gb = evaluate.py peak memory footprint (max RSS 1.50 GiB). Reference Xeon: train ~311s, score 5.92s, test ~2.10"
P1-steps2400-s17,d822b1d,"baseline (model.py), 2x steps, cosine stretched to 2400",configs/baseline.json,17,none,2400,32,256,19660800,1088256,MacBook Air M5 24GB CPU,4,fp32,406.85,4.02,,,0,1.8807,,b229e0da384a362646c244c3f74a696f7fccbdd4d7befb1cd2a81849e725ded9,validation (P1 step-count sweep; not yet selected),"Phase 1. Architecture unchanged; only --steps changed. Val BPB fell at every eval (300-step interval), no overfitting. Process wall-clock 446.8s incl. 32.2s mid-run validation."
P1-steps4800-s17,d822b1d,"baseline (model.py), 4x steps, cosine stretched to 4800",configs/baseline.json,17,none,4800,32,256,39321600,1088256,MacBook Air M5 24GB CPU,4,fp32,817.59,4.02,,,0,1.7524,,ca202c238a7fe72066bc48544d73b73e51d736b64174bc0a0eff0d1cffbbe9f2,validation (P1 step-count sweep; not yet selected),"Phase 1. Architecture unchanged; only --steps changed. Val BPB fell at every eval (600-step interval), no overfitting; diminishing returns (-0.128 vs -0.190 for previous doubling). Mid-run val beat shorter completed runs at equal step, suggesting peak LR 0.001 is conservative. Process wall-clock 857.7s incl. 32.6s mid-run validation."
P1-lr002-s2400-s17,719a7f2,"baseline (model.py), 2400 steps, peak LR 0.002",configs/baseline.json,17,none,2400,32,256,19660800,1088256,MacBook Air M5 24GB CPU,4,fp32,405.71,3.98,,,0,1.8145,,1675404ca825e0ff0ed81ab335935a6fcf9f47818cd4e5114359ef82661ad1fb,validation (P1 peak-LR sweep at 2400 steps; not yet selected),"Phase 1 LR sweep. Only --lr changed vs P1-steps2400-s17 (1.8807). -0.066 BPB. Loss smooth, no instability."
P1-lr003-s2400-s17,719a7f2,"baseline (model.py), 2400 steps, peak LR 0.003",configs/baseline.json,17,none,2400,32,256,19660800,1088256,MacBook Air M5 24GB CPU,4,fp32,409.34,4.36,,,0,1.7893,,e9913e1f9d4ee247ecf7c49b56e4cdf7743906fa492e042af3980c9e6dc1a5ff,validation (P1 peak-LR sweep at 2400 steps; not yet selected),"Phase 1 LR sweep. Only --lr changed vs P1-steps2400-s17 (1.8807). -0.091 BPB; still improving with LR, optimum not yet bracketed. Loss smooth, no instability."
P1-lr005-s2400-s17,709e7ba,"baseline (model.py), 2400 steps, peak LR 0.005",configs/baseline.json,17,none,2400,32,256,19660800,1088256,MacBook Air M5 24GB CPU,4,fp32,411.97,4.53,,,0,1.7817,,e890b6fded08b5c4b42ac75a3c4859cc60de22b2d3b9df033dc4e086d8bcc0ee,validation (P1 peak-LR sweep at 2400 steps),"Phase 1 LR sweep. Best of sweep. Only -0.008 vs LR 0.003 (1.7893); single seed, so difference may be within seed noise. Loss smooth."
P1-lr008-s2400-s17,709e7ba,"baseline (model.py), 2400 steps, peak LR 0.008",configs/baseline.json,17,none,2400,32,256,19660800,1088256,MacBook Air M5 24GB CPU,4,fp32,463.94,4.92,,,0,1.8112,,3c653d27738b924f6bb21ad5b1bae0e1ac40c39030ea492204765ff802d6df5b,validation (P1 peak-LR sweep at 2400 steps),"Phase 1 LR sweep. Worse than 0.005 (+0.030): upper bracket found. No divergence or NaN, but slower early progress (step-300 val 2.421 vs 2.254). Train/score times ~13% slower, likely thermal throttling (5th consecutive run), not LR."
P1-lr005-s2400-s18,47b20db,"baseline (model.py), 2400 steps, peak LR 0.005, seed 18",configs/baseline.json,18,none,2400,32,256,19660800,1088256,MacBook Air M5 24GB CPU,4,fp32,436.27,4.89,,,0,1.7825,,cc5880fceb72cc47147304665f80395b5bc996eda1ecc94390aa3aa84ae00b95,validation (P1 seed-noise check),"Seed-noise check: identical to P1-lr005-s2400-s17 (1.7817) except seed. Gap 0.0008 BPB. Train/score ~6% slower than seed 17, likely thermal throttling."
P2-learned-control-s17,75373e1,"student.py, position=learned (ablation control), LR 0.005",configs/baseline.json,17,none,2400,32,256,19660800,1088256,MacBook Air M5 24GB CPU,4,fp32,412.86,4.09,,,0,1.7817,,ae110bfe6b00996d17bf91261ffa7f54612da5895189880e3ae4e44c26591e0b,validation (P2 paired RoPE ablation),Control. Bit-identical to P1-lr005-s2400-s17 (model.py): same val BPB 1.7816640336740766 and same loss/val at every logged step. Confirms student.py learned path is a faithful copy.
P2-rope-s17,75373e1,"student.py, position=rope, LR 0.005",configs/rope.json,17,none,2400,32,256,19660800,1055488,MacBook Air M5 24GB CPU,4,fp32,469.53,4.78,,,0,1.7042,,7c975340d66bb66ac528257753eb906d318dac3ad3b5202ddae993cf3c0adc8a,validation (P2 paired RoPE ablation),"Headline ablation: only position encoding differs from control, equal processed targets. -0.0775 BPB vs control (~75x seed noise). Better at every eval (step 300: 2.087 vs 2.254). 32768 fewer params. Train +14%, val scoring +17% vs control; part may be thermal (ran second)."
P2-rope-rmsnorm-s17,88f09e5,"student.py, rope + rmsnorm, LR 0.005",configs/rope_rmsnorm.json,17,none,2400,32,256,19660800,1054336,MacBook Air M5 24GB CPU,4,fp32,542.21,5.92,,,0,1.6859,,e670641add2be02ceb8966e6d4db2d8c057482e6c97c46cd0034a699e953f24e,validation (P2 component tests on top of RoPE),"Only norm changed vs P2-rope-s17 (1.7042): -0.0183 BPB, ~18x seed noise. Same start (step 300: 2.088 vs 2.087), gap grows with training. Slower train/score than P2-rope; unclear whether thermal or nn.RMSNorm CPU kernel; needs controlled timing."
P2-rope-swiglu-s17,88f09e5,"student.py, rope + swiglu (hidden 344), LR 0.005",configs/rope_swiglu.json,17,none,2400,32,256,19660800,1060288,MacBook Air M5 24GB CPU,4,fp32,541.37,5.50,,,0,1.7050,,658989105a930f42a3ae72fe6251c018056716bfd28a0a904638ece5561b83ed,validation (P2 component tests on top of RoPE),"Only mlp changed vs P2-rope-s17 (1.7042): +0.0008 BPB, within seed noise: tie. Faster early (step 300: 2.060 vs 2.087) but no final gain. Not adopted."
P2-rr-w256-d4-s17,b4e174c,"student.py, rope+rmsnorm, width 256 depth 4, LR 0.005",configs/rr_w256_d4.json,17,none,2400,32,256,19660800,3681536,MacBook Air M5 24GB CPU,4,fp32,1194.69,10.30,,,0,1.6664,,be88e35cb595f5b946798e14cbc8e002b7d6cc265a5de906ab1e3547f73e70b2,"validation (P2 size sweep, rope+rmsnorm)","Scoring cost 2.06x baseline. -0.0195 vs w128 d4 (1.6859). Slow start (step 300: 2.189). Final train loss ~3.07, higher than w192 d6: not overfitting."
P2-rr-w192-d6-s17,b4e174c,"student.py, rope+rmsnorm, width 192 depth 6, LR 0.005",configs/rr_w192_d6.json,17,none,2400,32,256,19660800,3060288,MacBook Air M5 24GB CPU,4,fp32,1171.99,9.23,,,0,1.6103,,a79b251cce3d41b102703fc35b8abe6a42ea75611400e87e04122abd095ea793,"validation (P2 size sweep, rope+rmsnorm)",Scoring cost 2.11x baseline. Best so far: -0.0756 vs w128 d4. Beats w256 d4 by 0.056 at equal scoring cost with fewer params: depth > width here. Val fell at every eval.
P2-rr-w256-d6-s17,b4e174c,"student.py, rope+rmsnorm, width 256 depth 6, LR 0.005",configs/rr_w256_d6.json,17,none,2400,32,256,19660800,5260032,MacBook Air M5 24GB CPU,4,fp32,1532.21,13.70,,,0,1.6750,,1c149462db22c606051e73d2f65167817f873a141dc0a5d52ce85bdbef415902,"validation (P2 size sweep, rope+rmsnorm)","Scoring cost 2.88x baseline. Worse than smaller w192 d6 (+0.065). Slowest start (step 300: 2.212); final train loss ~3.06 also higher: underfitting/optimisation, not overfitting. Hypothesis: LR 0.005 too high for width 256."
P2-rr-w192-d8-s17,d8fd265,"student.py, rope+rmsnorm, width 192 depth 8, LR 0.005",configs/rr_w192_d8.json,17,none,2400,32,256,19660800,3949248,MacBook Air M5 24GB CPU,4,fp32,1337.92,12.14,,,0,1.6258,,da30823015242cbb86427f1c1885ca5456c1a6eb8f1d55792b165bb9261c11a2,"validation (P2 size sweep, rope+rmsnorm)","Scoring cost 2.68x. +0.0155 vs w192 d6 (1.6103): more depth did not help at this LR. Final train loss ~2.93, same as w192 d6 on identical batches, yet val worse."
P2-rr-w256-d6-lr0025-s17,d8fd265,"student.py, rope+rmsnorm, width 256 depth 6, LR 0.0025",configs/rr_w256_d6.json,17,none,2400,32,256,19660800,5260032,MacBook Air M5 24GB CPU,4,fp32,1521.19,12.08,,,0,1.6248,,10cb47a3bd9b880f5b70bcce911937101643b52aaed0ddd706e2ddc55f155f96,"validation (P2 size sweep, rope+rmsnorm)",LR hypothesis confirmed: -0.050 vs same model at LR 0.005 (1.6750); step 300 2.021 vs 2.212. Still +0.0145 vs w192 d6 despite lower train loss (~2.82 vs ~2.93 on identical batches): first sign of generalisation gap.
P2-rr-w256-d6-lr0025-do01-s17,9e44bc4,"student.py, rope+rmsnorm, width 256 depth 6, dropout 0.1, LR 0.0025",configs/rr_w256_d6_do01.json,17,none,2400,32,256,19660800,5260032,MacBook Air M5 24GB CPU,4,fp32,1633.10,13.09,,,0,1.5872,,319e1bee12d68724bbc9a11ac4fd913bf139f24af7407a52dc9b45427b41ff6f,validation (P2 regularisation and LR checks),New best. Only dropout changed vs P2-rr-w256-d6-lr0025-s17 (1.6248): -0.0376. Beats w192 d6 (1.6103) by 0.023: regularisation lets the larger model win. Val still falling at 2400. Train loss not comparable (dropout on).
P2-rr-w192-d6-lr003-s17,9e44bc4,"student.py, rope+rmsnorm, width 192 depth 6, LR 0.003",configs/rr_w192_d6.json,17,none,2400,32,256,19660800,3060288,MacBook Air M5 24GB CPU,4,fp32,1147.11,9.76,,,0,1.6487,,bc728418bab3b6c426385997c17353ea1186974d0bb923d5c07434a097f2313d,validation (P2 regularisation and LR checks),LR check on w192 d6: +0.0384 vs LR 0.005 (1.6103). Width 192 prefers the higher rate; width 256 the lower one.
P2-rr-w256-d6-lr0025-do02-s17,eaf5b33,"student.py, rope+rmsnorm, width 256 depth 6, dropout 0.2, LR 0.0025",configs/rr_w256_d6_do02.json,17,none,2400,32,256,19660800,5260032,MacBook Air M5 24GB CPU,4,fp32,1645.49,12.66,,,0,1.6626,,b07b714f8ab316b1b16225f800b03f0c241ce8f7609eda3d3cf9eeab01cc9685,validation (P2 final tuning of w256 d6),"Dropout upper bracket: +0.0754 vs dropout 0.1 (1.5872). With 0 (1.6248) and 0.2 both worse, 0.1 is the interior optimum."
P2-rr-w256-d6-lr0035-do01-s17,eaf5b33,"student.py, rope+rmsnorm, width 256 depth 6, dropout 0.1, LR 0.0035",configs/rr_w256_d6_do01.json,17,none,2400,32,256,19660800,5260032,MacBook Air M5 24GB CPU,4,fp32,1674.89,12.31,,,0,1.6523,,7b5d24331fefe07f74817704c269c9ddbf95f291d09a260f8cf2a1ebeda8e733,validation (P2 final tuning of w256 d6),"LR check with dropout: +0.0651 vs LR 0.0025 (1.5872). With 0.005 (1.6750) and 0.0035 both worse, 0.0025 confirmed for width 256."
FINAL-9600-s17,bac9add,"student.py, rope+rmsnorm, width 256 depth 6, dropout 0.1, LR 0.0025, 9600 steps",configs/rr_w256_d6_do01.json,17,none,9600,32,256,78643200,5260032,MacBook Air M5 24GB CPU,4,fp32,6694.70,12.06,,,0,1.5441,,12aacf505d700bb595085a9199b7faba48c393164ae297a96a623bf4b56796db,validation (final long run),"4x training length. Val fell to 1.5395 at step 8400 then rose to 1.5441 at 9600: overfitting turn. Only the final checkpoint is saved, so the stored model is the 9600-step one. Gains per 1200 steps were shrinking (-0.011, -0.008, -0.006) before the turn."
FINAL-SUBMISSION,e3a32d0,"student.py, rope+rmsnorm, width 256 depth 6, dropout 0.1, LR 0.0025, 9600 steps (frozen)",configs/rr_w256_d6_do01.json,17,none,9600,32,256,78643200,5260032,MacBook Air M5 24GB CPU,4,fp32,6694.70,12.06,13.14,1.83,0,1.5441,1.5668,12aacf505d700bb595085a9199b7faba48c393164ae297a96a623bf4b56796db,validation (method frozen before test; test evaluated once),"Submitted score. Budgets on cool machine: scoring 11.54s vs baseline 3.92s = 2.94x (limit 5x); peak RAM 1.83 GiB (limit 4); checkpoint 20.1 MiB (limit 64). Baseline test 2.1013 -> 1.5668, -25.4%."
